1,-2,-2,-2,-2,-3,-2,-2,-2,-2,-2,-2,-1,-2,-3,-2,-1,-1,-1,-1,-1,-1,-1,-1,-1,-1,-1,-1,-1,-1,-1,81,79,79,80,79,81,80,79,79,79,80,80,78,80,79,0,0,0,0,1,0,0,0,0,0,1,0,0,1,0,-5,-4,-4,-4,-5,-5,-4,-4,-4,-4,-4,-4,-5,-4,-4,0,0,0,0,1,0,0,0,0,0,0,1,0,1,0
1,6,42,-5,-4,2,0,-3,-6,-3,-2,-4,2,-1,-4,-4,-1,-3,4,-17,1,-5,-7,2,3,-9,2,-3,-5,5,1,79,80,74,93,74,78,83,71,76,86,77,81,80,78,80,-2,5,-15,26,-6,3,8,-12,-6,16,-5,7,6,-14,-3,4,53,-10,-6,-3,-6,-5,-11,-9,-8,-7,1,-6,-9,-12,-3,3,-1,-3,-4,0,-3,1,-4,-2,2,9,0,-4,5
1,-2,0,-4,-2,-4,-2,1,-8,-1,-3,-3,-6,0,-5,-6,-6,2,-5,-2,4,4,-9,3,0,-6,8,-1,-9,5,-10,85,74,76,78,76,74,87,69,83,83,73,80,87,67,86,14,-7,7,1,-18,-10,13,-13,-2,6,-19,-1,13,-17,16,-5,1,-11,-6,-13,-9,-2,-20,-6,-14,-11,-20,-5,-16,-14,2,0,4,1,-10,-4,-10,-5,-8,-5,-3,6,2,7,-1
1,-2,-5,0,-2,-6,2,-1,1,-3,-1,-5,-4,1,-9,-1,-10,4,1,-6,3,-9,-8,3,-8,-1,4,-14,-7,6,-9,86,73,79,87,73,84,82,78,88,81,74,84,78,75,92,13,-16,-5,5,-16,7,6,-11,5,-4,-17,17,3,-18,11,-7,-18,-10,-12,-21,-6,-8,-2,-13,-10,-21,-17,-7,-28,-15,-5,-2,-4,-1,-5,-9,0,-5,-3,-13,-15,-4,-2,-9,-11
1,0,-2,2,1,1,-5,-1,-6,-5,-1,-3,-4,-2,3,-7,2,4,-9,-3,-1,-6,-6,-2,-10,5,5,-11,5,-3,-13,74,74,85,77,71,83,77,77,90,75,73,89,72,74,88,-12,-16,11,-5,-7,2,-2,-10,7,-23,-19,11,-18,-1,12,-9,-15,-4,-11,-2,-21,-17,-25,-21,-16,-19,-14,-11,-7,-30,-5,-3,-6,-10,-3,-5,-11,-10,-9,-6,-6,-4,-9,-1,-3
1,-2,-1,-1,0,-4,-7,0,3,-3,1,-6,-6,-6,-5,1,3,3,-7,-2,-2,-13,1,-4,-2,-5,0,-9,0,-9,-3,70,78,83,70,75,85,75,80,83,81,77,83,77,84,79,-15,-16,4,-12,-6,9,-14,-2,-10,0,-13,3,-21,5,-5,-18,-17,-14,-12,-15,-26,-9,-10,-25,-12,-31,-26,-27,-22,-16,-5,-4,-10,-7,-5,-4,-5,-10,-5,-8,-7,-5,-10,-10,-6
1,-5,-4,-4,-1,-4,-3,-2,-1,-1,1,-6,-3,-2,-3,-5,4,-2,-7,-2,-8,3,2,-7,-2,-5,-3,-5,0,-8,0,77,80,82,74,84,81,80,82,78,76,82,77,76,79,78,-20,-8,-1,-7,0,-24,-20,-1,-16,0,-13,-5,-19,-4,-18,-22,-20,-22,-15,-24,-26,-22,-18,-21,-10,-28,-20,-20,-23,-25,-6,-3,-9,-7,-4,-13,-9,-3,-9,-8,-9,-9,-14,-11,-9
1,-4,-5,-5,-3,-1,-2,-2,-4,-6,-6,-2,-4,-2,1,-3,-2,3,2,0,-11,-3,-2,3,-7,-2,-9,-5,-4,-9,1,81,77,81,81,76,76,82,76,83,79,79,78,81,74,84,-11,-29,-27,-28,-2,-20,-20,-26,-4,-24,-8,-17,-16,-1,-17,-24,-26,-25,-25,-20,-20,-22,-23,-29,-29,-24,-23,-22,-19,-24,-10,-6,-13,-12,-2,-7,-14,-9,-20,-17,-13,-9,2,-4,-11
1,-3,-1,-4,-5,0,-1,-5,-4,-9,-5,-6,-8,-1,-3,-3,1,-2,-2,-5,-1,2,-6,-13,-2,2,-5,-2,-1,-10,1,84,76,78,83,77,82,80,76,85,83,78,81,84,73,82,-26,-21,-20,-11,-22,-31,-9,6,-17,-27,-15,-20,-20,-7,-24,-22,-20,-27,-28,-21,-18,-29,-26,-33,-25,-27,-33,-18,-19,-24,-11,-17,-12,-11,-18,-11,-14,-11,-13,-10,-11,-10,-5,-8,-1
1,0,0,-2,-3,-4,-9,-8,0,18,-5,-4,2,-4,-1,-3,-4,-9,0,-2,-6,-1,-1,-4,47,-2,-16,1,-2,-6,-1,80,82,82,80,74,87,84,69,80,82,76,81,83,76,83,-22,-9,-25,-26,-14,-23,-15,-17,-85,-17,-1,-25,-22,-14,-26,-22,-22,-22,-23,-25,-31,-28,-18,8,-32,-22,-13,-23,-22,-24,-18,-8,-6,-8,-11,-6,-6,-1,-10,-11,-8,-8,-8,-9,-9
1,2,4,-1,-6,-2,2,-8,0,0,-4,2,-2,-5,-2,-4,-1,0,-6,2,-4,-4,6,-5,-4,7,-9,-8,0,-8,-5,82,84,84,72,80,87,71,87,84,69,84,84,68,86,82,-1,3,6,-6,6,9,-12,8,6,-17,13,12,-2,10,6,-2,4,-4,-11,-5,3,-18,0,-2,-7,-5,-3,-16,-6,-8,6,-7,1,0,4,5,2,1,4,0,-1,2,0,2,-2
1,-5,-3,-1,-4,0,-7,-4,-1,-3,-2,-1,-8,-3,-1,-6,6,-3,-2,6,-5,-3,4,-7,1,-5,-7,8,0,-7,3,67,87,83,71,85,81,73,86,73,81,85,70,78,80,73,-15,7,2,-18,6,2,-12,10,-6,3,8,-23,-6,8,-11,-16,-11,-7,-14,-4,-16,-13,-8,-11,-6,-6,-19,-11,-11,-18,-7,-6,-5,4,4,-3,-10,1,-3,0,-6,-6,-3,-4,2
1,-4,-2,0,-4,-3,-2,-6,-5,1,-3,0,0,-4,2,1,3,-13,0,0,-7,-1,4,-9,-3,-3,-12,11,-1,-9,0,76,91,71,76,89,82,73,86,78,79,90,66,83,83,74,-11,18,-9,-4,3,-9,-11,9,1,-4,19,-29,-7,7,-6,-16,-12,-6,-21,-16,-11,-20,-22,-3,-25,-12,-11,-18,-5,-8,-5,-5,-4,-5,-16,-7,-4,-2,-4,0,-7,-6,-13,-6,3
1,-3,-5,-3,-5,0,-4,-4,-4,-2,-2,-1,0,-1,-6,-6,0,-11,9,-1,-8,4,-11,-4,2,-10,-8,7,-11,-4,8,75,84,67,79,83,74,89,79,75,86,76,68,88,76,76,-7,11,-27,-5,5,-18,14,-1,-15,11,2,-20,11,-5,-25,-19,-21,-18,-20,-7,-21,-20,-20,-14,-13,-14,-12,-15,-23,-21,-4,-12,-8,-4,-7,-11,-5,-5,-2,1,-6,-5,-10,-4,-6
1,-8,-1,2,-2,0,-3,-2,-6,-6,-4,-2,-2,1,-2,-3,-6,1,-11,-5,-1,-2,-14,4,3,-5,-2,-2,-13,-1,2,85,75,80,80,77,78,78,75,80,81,77,76,81,80,80,-6,-18,9,-12,-12,-9,8,-30,-18,-6,-15,-10,12,-14,-22,-31,-15,-12,-21,-16,-20,-20,-29,-25,-23,-20,-20,-13,-21,-23,-13,-9,-17,-19,-8,-10,-5,-10,-11,-11,-5,-11,-13,-7,2
1,-2,-4,-4,-5,-6,-6,-2,2,-1,-1,-5,-7,-5,-3,-1,-3,4,-9,-2,-5,0,2,-4,-1,-7,3,0,-11,-2,-8,82,77,78,79,78,81,78,82,81,76,78,77,80,81,80,-15,-28,6,-12,-12,-24,-33,-11,-22,-9,-32,-19,1,-19,-1,-21,-24,-20,-26,-27,-29,-22,-14,-21,-20,-25,-26,-27,-25,-17,-6,-14,-8,-11,-12,-5,-9,-11,-12,-12,-16,-4,-16,-10,2
1,-1,-1,-2,-7,-8,-5,-2,-1,0,0,-4,-6,-4,-5,-5,-11,1,-1,0,7,0,-5,0,-10,9,1,-8,0,-1,-6,76,82,78,80,78,77,78,81,78,78,82,81,77,81,81,5,-24,-17,-22,-41,-21,-12,-25,-3,-43,-21,-7,-21,-17,-6,-20,-23,-23,-25,-27,-25,-22,-21,-17,-15,-26,-26,-22,-27,-27,-13,-18,-9,-9,-9,-11,-10,-6,-8,-13,-14,-9,-10,-12,-9
1,-3,-5,-2,-3,-10,2,-3,-4,0,0,-6,0,-2,-5,-1,-2,-1,-3,2,-10,1,1,-5,-5,2,-2,-2,-1,3,-9,79,83,77,76,89,75,79,78,82,78,86,76,80,82,68,-16,-22,-15,-29,0,-32,-27,-14,-20,-29,-18,-18,-20,-33,-2,-20,-24,-20,-23,-40,-12,-20,-26,-16,-16,-33,-20,-21,-26,-22,-5,-13,-15,-15,-8,-5,-4,-10,-7,-5,-8,-12,-10,-13,-4
5,184,132,97,81,36,-31,-46,-41,-41,-32,-11,5,10,11,9,-9,-3,6,18,17,-13,-10,4,-16,-11,7,-6,3,-1,-2,91,108,118,104,91,94,81,63,71,73,75,76,82,88,82,-34,18,-29,-44,-43,10,-3,-30,20,1,-38,-3,-24,-17,-17,280,195,132,110,46,-60,-85,-78,-79,-68,-39,-9,1,-1,-3,0,-5,-2,-7,-13,-11,-8,-14,-3,-17,-5,-14,-9,-14,-6
5,90,49,15,26,18,3,-6,-6,-12,-7,1,1,-4,3,-6,11,26,14,12,18,-2,-8,-3,-8,-9,-2,0,-1,-3,4,361,99,83,98,78,85,84,76,79,81,76,79,86,80,83,-423,23,-46,-19,-39,-9,6,-7,3,0,-2,-9,-13,-3,-24,756,21,18,34,15,-8,-21,-20,-32,-23,-1,-14,-25,-4,-27,-122,52,-6,-3,-9,-13,-10,-3,-7,-8,-5,-4,-5,-2,-9
5,141,59,15,9,8,-9,-11,-10,-5,-5,-1,2,-3,-6,-7,-130,-45,10,17,7,-3,-8,-10,-8,6,1,-13,-2,1,-8,85,68,95,84,85,90,78,81,82,79,78,88,78,80,86,283,70,-18,-36,-23,0,2,0,2,-20,-15,10,-7,-12,4,234,93,17,1,-2,-25,-30,-31,-16,-16,-16,-10,-20,-23,-24,29,-9,4,6,-1,1,-4,-3,-8,-6,-21,-4,-2,0,-12
5,-69,-19,-3,14,4,0,-7,-11,-6,-3,0,-4,-4,-5,-3,122,51,40,24,-10,-15,-13,-15,6,10,-13,3,-2,-12,-5,31,93,99,83,91,78,77,86,73,75,94,74,81,89,76,-195,-87,-72,-37,8,17,11,18,-15,-24,20,-17,-3,11,-4,-62,-42,-18,16,-5,-6,-22,-28,-15,-19,-8,-18,-22,-16,-16,25,-20,1,-4,-13,4,-6,0,-2,-7,-7,-7,-9,-5,-12
5,-20,21,20,17,17,4,-10,-15,-10,-8,-7,-4,2,-5,-4,20,-24,-26,-2,7,-2,-13,-3,4,-8,-4,-6,-3,-1,-1,77,67,89,87,88,87,84,83,78,81,80,84,80,81,81,-14,34,28,-19,-27,-23,3,-12,-30,-11,-15,-15,-22,-22,-17,0,25,11,11,11,-9,-32,-41,-31,-30,-25,-23,-12,-23,-22,-22,-11,-12,-12,-13,-13,-7,-13,-8,-9,-7,-6,-5,-5,-6
5,15,17,17,8,1,-5,-11,-10,-9,-7,-3,0,-2,-2,-3,-48,-39,-14,6,6,-2,-1,-1,0,-3,-8,-10,-2,-3,0,52,77,84,87,86,85,82,82,80,80,81,83,82,82,82,112,57,9,-22,-33,-18,-20,-20,-19,-15,-4,-1,-23,-22,-25,9,22,9,-1,-17,-26,-33,-34,-31,-28,-21,-16,-22,-21,-21,6,-18,-5,-5,-10,-9,-13,-15,-17,-13,-12,-8,-12,-15,-11
5,1,9,-7,-9,-11,-15,-8,1,-1,-1,-2,-6,-6,-4,-2,18,-20,5,6,-2,-17,6,-8,13,-18,1,-5,-2,-7,-4,82,87,81,82,80,81,78,77,84,83,81,82,81,81,81,-51,11,-19,-24,-16,13,-32,-1,-55,17,-24,-12,-22,-8,-12,-14,14,-16,-27,-39,-38,-27,-15,-19,-17,-21,-24,-26,-22,-21,-14,24,-7,-19,-15,-4,-11,-8,-12,-12,-4,-14,-12,-10,-11
5,18,-1,-5,-1,-7,1,-5,-7,-4,-7,-5,-4,-1,-2,-5,46,0,-16,1,-5,-1,-3,-2,-4,-5,-4,-4,-18,1,-4,84,82,81,84,85,77,83,86,81,86,84,82,83,81,84,-88,-23,-4,-25,-20,-20,-19,-24,-18,-16,-18,-18,17,-24,-18,9,-23,-23,-16,-25,-11,-25,-26,-22,-29,-22,-21,-17,-21,-22,-14,-11,-9,-10,-10,-8,-10,-14,-9,-9,-9,-9,-12,-4,-9
4,-37,-40,-10,4,1,-2,2,-6,5,-1,-2,-5,-6,-5,-4,-10,-1,-6,0,-3,-3,4,-13,1,-5,-10,4,-5,-7,-3,59,73,73,78,91,89,77,97,76,83,90,80,84,86,80,19,-13,-3,-5,-5,-7,-19,17,-11,-2,5,-24,0,3,-9,-11,-81,-25,-4,-12,-12,-11,-21,-1,-19,-16,-20,-21,-22,-16,-9,-13,-6,-6,-12,-9,-9,-4,-1,-7,-9,-11,-6,-4,-3
5,-3,-4,-2,-5,-6,-5,-1,-6,-13,-15,-7,-3,1,1,-6,-10,-2,7,-11,23,34,-9,-15,-21,-19,3,8,-10,3,1,90,81,73,89,89,74,102,74,78,86,79,82,93,80,82,5,-4,-19,10,-58,-123,-5,10,25,18,-17,-21,13,-17,-11,-16,-21,-10,-18,-46,-39,-20,-21,-28,-39,-26,-21,-4,-5,-21,-9,-4,-2,-7,-10,-29,-13,-10,-3,-10,-4,-1,-3,-6,-4
4,46,19,27,-10,7,-16,-16,-5,-4,1,-5,-10,-4,-3,0,29,18,23,-9,1,-17,-13,5,-7,4,-6,-5,-7,-3,-15,59,96,93,84,93,84,86,71,87,81,89,82,84,80,86,-98,-42,-42,-1,-8,14,8,-25,0,-19,-3,-2,-2,-7,13,125,10,31,-29,-3,-35,-39,-21,-18,-11,-24,-22,-16,-13,-11,-16,-6,-9,-12,-7,-13,-8,-9,-1,-6,-9,-8,-8,-1,-1
5,62,64,68,64,64,37,2,-23,-29,-30,-25,-9,1,1,2,-136,-83,-36,-2,11,13,-2,-10,-2,3,-12,-7,1,-5,-1,10,84,81,103,100,92,96,85,79,79,79,79,81,83,84,421,54,43,-7,-35,-39,-19,-6,-16,-35,3,-9,-30,-8,-18,459,44,96,84,86,47,-11,-48,-58,-65,-54,-30,-15,-14,-15,90,3,-8,-11,-5,-8,-15,-11,-12,-10,-3,-8,-13,-11,-19
4,62,68,64,64,64,37,-23,2,-29,-30,-9,-25,1,2,1,-136,-36,-83,-2,11,13,-10,-2,-2,3,-7,-12,1,-1,-5,10,81,84,103,100,92,85,96,79,79,79,79,81,84,83,421,43,54,-7,-35,-39,-6,-19,-16,-35,-9,3,-30,-18,-8,459,96,44,84,86,47,-48,-11,-58,-65,-30,-54,-15,-15,-14,90,-8,3,-11,-5,-8,-11,-15,-12,-10,-8,-3,-13,-19,-11
4,-45,-90,-35,-10,23,8,-5,-7,-9,-4,-2,-3,-7,-7,0,-23,-20,-20,-18,25,11,-22,-2,-5,0,-1,-7,-7,3,-2,113,53,57,73,75,78,68,53,71,71,69,68,67,66,68,57,-7,34,18,-38,-21,25,-7,1,-8,-7,1,4,-18,-4,-97,-206,-65,-23,15,-7,-16,-21,-29,-21,-18,-22,-21,-27,-14,-45,49,6,-3,-5,-8,-11,-8,-11,-7,-6,-12,-3,-5,-8
4,-6,3,4,7,-8,-20,-13,-6,-7,-2,3,-2,3,-7,-2,3,3,-15,-7,-1,-2,8,-9,-13,10,-7,10,-7,-13,10,85,97,85,82,87,86,80,81,84,86,81,86,81,84,86,-28,-21,-2,-6,-15,-13,-43,-3,8,-46,-2,-46,-2,8,-46,-27,-9,-11,-2,-26,-46,-35,-24,-26,-19,-8,-19,-8,-26,-19,-10,-6,-11,-9,-7,-12,-15,-8,-9,-7,-2,-7,-2,-9,-7
4,-6,-6,12,-3,22,7,-8,-20,3,4,-13,-6,-7,-2,3,3,-5,12,-14,33,-7,-1,-2,3,-15,8,-9,-13,10,-7,85,82,85,82,73,82,87,86,97,85,80,81,84,86,81,-28,-9,-109,12,-108,-6,-15,-13,-21,-2,-43,-3,8,-46,-2,-27,-24,-56,-15,11,-2,-26,-46,-9,-11,-35,-24,-26,-19,-8,-10,-10,6,-9,-9,-9,-7,-12,-6,-11,-15,-8,-9,-7,-2
4,-1,-46,-41,-21,5,17,16,9,-4,-2,-8,-11,-8,-5,-6,-13,-3,4,-8,-1,5,5,-5,3,-13,-7,-5,-2,4,-7,89,83,74,78,82,85,91,89,84,85,82,85,84,83,85,13,-28,-19,2,-10,-22,-22,-7,-26,19,-3,-11,-13,-17,-6,-13,-129,-81,-49,-8,9,10,-2,-22,-18,-29,-38,-33,-17,-29,-8,1,-6,-6,-10,-9,-6,-9,-19,0,-11,-17,-10,-11,-10
4,180,144,100,83,21,-8,-6,-19,-27,-15,-4,2,-6,1,1,69,41,35,68,19,-24,-20,-22,-12,-5,-2,-3,8,-9,0,52,97,132,94,107,105,77,78,79,78,87,84,84,92,81,215,-55,-67,-113,-34,24,21,23,6,-11,-6,-12,-35,1,-18,186,183,136,130,27,-28,-21,-40,-51,-35,-19,-10,-26,-14,-12,13,-30,-8,-9,-5,-11,-6,-5,-7,-9,-6,-11,-8,-10,-14
4,79,56,62,2,-71,-38,23,11,5,-5,-12,-10,0,-1,-4,168,36,-52,16,-24,-23,8,1,2,-6,-18,2,4,-9,-1,12,108,100,59,66,55,66,84,73,64,69,69,73,76,66,-297,-66,50,-28,21,17,-18,-7,-13,-5,18,-17,-16,0,-14,-129,46,62,-11,-108,-64,19,-1,-8,-23,-30,-32,-19,-20,-24,-97,-9,-11,-10,-12,-8,-6,-11,-11,-16,-8,-14,-10,-20,-7
4,-4,-23,-35,-12,-5,4,14,9,5,0,-2,6,-3,1,1,-8,-11,-12,-5,4,12,-6,-1,-1,-9,1,-5,-3,5,0,88,68,74,75,80,81,93,82,86,87,82,81,90,79,84,16,-39,14,10,-4,-26,12,-3,0,17,-5,9,0,-8,-3,-4,-74,-19,-12,-4,7,30,21,15,4,-3,16,-5,7,7,-10,-49,-5,0,6,-5,0,1,-10,-2,-3,-4,-5,1,4
4,12,16,7,14,6,4,-2,-121,-13,44,15,-17,-4,9,-5,8,16,34,14,16,-3,-16,143,-4,-61,-5,19,-10,-4,3,94,70,95,107,87,86,88,57,69,52,61,64,74,62,70,-9,-18,-59,-19,-29,9,27,-237,23,88,10,-24,23,9,0,35,53,27,35,14,16,-4,-126,-39,57,25,-21,-4,13,-7,-1,16,2,7,3,2,5,-119,20,-7,1,-2,-5,-1,2
5,-12,-17,-19,-31,-8,9,3,3,7,0,-4,0,0,-1,3,-20,-10,-2,-10,-18,3,0,-7,0,-5,-8,5,-3,-7,5,109,82,78,79,77,76,81,83,80,78,85,73,83,85,77,27,14,2,13,32,-4,-1,16,1,8,12,-11,4,14,-12,-44,-32,-32,-53,-10,16,10,6,14,-2,-10,0,1,0,3,-14,0,-4,-7,-4,6,6,-8,-1,1,3,0,-6,2,-2
4,-12,-17,-19,-31,-8,9,3,3,7,0,-4,0,0,-1,3,-20,-10,-2,-10,-18,3,0,-7,0,-5,-8,5,-3,-7,5,109,82,78,79,77,76,81,83,80,78,85,73,83,85,77,27,14,2,13,32,-4,-1,16,1,8,12,-11,4,14,-12,-44,-32,-32,-53,-10,16,10,6,14,-2,-10,0,1,0,3,-14,0,-4,-7,-4,6,6,-8,-1,1,3,0,-6,2,-2
4,-130,-77,-45,-29,-15,11,29,16,14,18,3,-4,-1,-8,-10,-15,4,12,2,2,-9,-14,-6,5,-8,-3,4,3,2,1,62,52,59,68,81,82,81,87,90,79,85,85,80,87,80,18,-13,-36,-11,-16,3,12,5,-25,3,-9,-15,-13,-7,-7,-286,-111,-74,-47,-31,9,41,30,22,33,1,-8,-2,-16,-24,52,-7,-6,-6,-11,-6,2,10,-7,-1,-2,-2,0,0,-4
1,-3,-2,-3,-2,-2,-2,-2,-2,0,3,0,-2,-4,-2,-3,2,2,2,2,2,2,2,2,1,0,2,3,3,2,3,22,19,23,22,20,23,20,22,23,28,18,20,22,6,24,5,5,5,5,5,5,5,4,8,6,7,2,4,5,4,-8,-7,-7,-6,-6,-7,-7,-7,-4,1,-5,-7,-11,-8,-8,0,0,0,-1,-1,-1,-1,-1,0,-1,-1,0,-1,-1,-1
1,-2,-2,-2,-2,-2,-2,-2,-2,-2,0,-2,-3,-2,-2,-3,2,2,2,2,2,2,2,2,2,0,1,2,1,2,1,20,19,20,20,22,22,22,22,24,22,31,23,29,41,3,5,5,5,5,4,4,5,5,2,4,2,4,7,4,5,-6,-7,-6,-6,-7,-7,-6,-5,-6,-3,-6,-8,-5,-5,-6,-1,0,-1,-1,-1,-1,-1,-1,0,-1,-1,-2,-2,-2,0
1,-2,-3,-2,-2,-2,-3,-2,-2,-3,-4,-6,-3,-4,-4,-2,2,1,2,2,1,1,2,2,1,2,3,0,0,0,1,20,18,20,20,20,20,20,20,9,11,23,18,17,32,30,5,4,5,5,5,5,3,5,7,3,-2,7,4,4,5,-6,-6,-6,-6,-6,-6,-6,-6,-8,-7,-11,-10,-9,-10,-5,-1,0,-1,-1,0,-1,-1,-1,0,-1,0,0,-1,-1,-1
1,-2,-2,-2,-2,-2,-2,-2,-2,0,-3,-1,-2,-2,-3,-5,2,1,1,1,2,2,2,1,0,2,0,1,4,0,4,20,19,22,20,22,20,20,19,16,20,25,28,12,4,38,4,5,5,5,4,5,5,5,4,3,4,5,-1,6,-1,-7,-7,-6,-6,-7,-6,-7,-7,-1,-6,-6,-4,-8,-8,-16,-1,0,0,0,-1,-1,-1,0,0,0,-1,0,-1,0,-1
1,-2,-2,-2,-2,-2,-2,-2,-2,-4,-2,-2,-2,-3,-2,0,1,1,2,2,1,1,1,2,3,1,1,0,3,1,0,19,19,20,20,20,21,19,19,19,6,18,20,32,14,23,4,4,4,4,3,4,4,4,0,3,5,4,2,3,6,-6,-6,-5,-5,-6,-5,-6,-6,-10,-6,-4,-3,-6,-4,-3,0,0,-1,-1,0,0,0,-1,0,0,-1,-2,-1,0,-1
1,-1,-2,-2,-2,-2,-2,-2,-1,0,-6,-4,0,0,0,1,1,2,1,1,1,1,1,2,1,5,1,0,1,1,0,19,18,19,19,19,19,21,21,14,11,4,2,36,14,24,4,4,4,4,4,4,5,3,1,-4,5,8,3,5,11,-6,-6,-6,-6,-6,-6,-6,-6,-3,-12,-6,-5,-1,-3,-2,0,0,0,0,0,0,0,1,0,0,0,0,-1,1,0
1,-2,-2,-2,-2,-2,-2,-2,-1,-3,0,-2,-5,-3,-2,-2,1,1,1,1,1,1,1,2,2,0,1,4,1,0,1,19,18,19,19,23,21,19,21,3,24,16,26,19,33,16,4,3,3,3,3,4,4,4,-2,6,4,-1,4,6,5,-6,-5,-5,-5,-5,-5,-6,-5,-8,-4,-3,-6,-6,-6,-9,0,0,0,0,0,0,0,1,2,0,0,1,0,0,0
1,0,-2,-1,-1,2,2,2,0,-1,0,-1,0,0,-1,1,1,1,2,1,0,0,1,1,2,0,2,0,0,0,0,15,32,4,6,17,28,24,17,18,16,11,18,11,-1,25,3,3,-1,5,3,3,1,3,-2,1,-1,1,2,3,0,-3,-7,-7,-6,-4,-3,-4,-4,-6,-6,-8,-5,-8,-4,-3,0,0,0,0,0,-1,0,1,0,-1,0,-1,0,0,-2
1,-1,-1,2,2,2,0,-1,0,-1,0,0,-1,1,0,1,2,1,0,0,1,1,2,0,2,0,0,0,0,0,0,4,6,17,28,24,17,18,16,11,18,11,-1,25,22,17,-1,5,3,3,1,3,-2,1,-1,1,2,3,0,2,2,-7,-6,-4,-3,-4,-4,-6,-6,-8,-5,-8,-4,-3,-6,-4,0,0,0,-1,0,1,0,-1,0,-1,0,0,-2,0,0
1,2,2,2,0,-1,0,-1,0,0,-1,1,0,1,2,2,0,0,1,1,2,0,2,0,0,0,0,0,0,0,0,17,28,24,17,18,16,11,18,11,-1,25,22,17,27,15,3,3,1,3,-2,1,-1,1,2,3,0,2,2,3,0,-4,-3,-4,-4,-6,-6,-8,-5,-8,-4,-3,-6,-4,-2,-4,0,-1,0,1,0,-1,0,-1,0,0,-2,0,0,-1,-1
1,0,-1,0,-1,0,0,-1,1,0,1,2,2,0,0,0,1,2,0,2,0,0,0,0,0,0,0,0,0,0,0,17,18,16,11,18,11,-1,25,22,17,27,15,19,11,6,3,-2,1,-1,1,2,3,0,2,2,3,0,-1,2,0,-4,-6,-6,-8,-5,-8,-4,-3,-6,-4,-2,-4,-3,-4,-7,1,0,-1,0,-1,0,0,-2,0,0,-1,-1,-1,0,0
1,-1,0,-1,0,0,-1,1,0,1,2,2,0,0,0,-1,2,0,2,0,0,0,0,0,0,0,0,0,0,0,1,18,16,11,18,11,-1,25,22,17,27,15,19,11,6,13,-2,1,-1,1,2,3,0,2,2,3,0,-1,2,0,-4,-6,-6,-8,-5,-8,-4,-3,-6,-4,-2,-4,-3,-4,-7,-9,0,-1,0,-1,0,0,-2,0,0,-1,-1,-1,0,0,0
1,0,-1,0,0,-1,1,0,1,2,2,0,0,0,-1,-2,0,2,0,0,0,0,0,0,0,0,0,0,0,1,0,16,11,18,11,-1,25,22,17,27,15,19,11,6,13,10,1,-1,1,2,3,0,2,2,3,0,-1,2,0,-4,-4,-6,-8,-5,-8,-4,-3,-6,-4,-2,-4,-3,-4,-7,-9,-7,-1,0,-1,0,0,-2,0,0,-1,-1,-1,0,0,0,-2
1,-1,-1,-1,-1,-1,-1,-2,-1,-1,0,-2,-1,-2,0,0,2,2,2,2,2,2,1,2,2,-1,3,0,1,1,1,18,18,19,19,19,19,19,18,24,16,29,-4,23,8,17,4,4,4,4,4,4,4,5,2,9,4,4,2,4,1,-7,-7,-6,-6,-6,-6,-6,-6,-9,-3,-8,-6,-12,-2,-3,0,1,1,1,1,1,0,0,0,-1,-1,0,0,0,0
1,-2,-2,-2,-2,-2,-2,-2,-2,-2,-1,0,0,0,-2,0,1,1,1,1,1,1,1,1,2,1,1,-1,0,4,0,19,18,20,21,21,21,21,21,15,29,23,3,26,19,24,4,4,5,5,3,5,5,3,2,3,4,5,5,1,2,-6,-7,-6,-6,-6,-6,-6,-6,-9,-3,-4,-5,-4,-11,-3,0,0,0,0,0,0,0,0,0,-1,0,0,0,-1,-1
1,-4,-4,-4,-4,-5,-4,-5,-4,-4,-3,-1,-6,-5,-3,-4,0,0,1,0,1,0,1,1,0,-1,-1,2,0,1,1,8,7,7,9,5,7,8,8,9,10,13,15,8,22,-6,5,5,5,6,5,5,6,5,5,7,8,4,8,7,2,-1,-2,-2,-2,-1,-2,-2,-1,0,-3,7,-4,-1,1,-2,2,3,2,2,2,2,2,2,0,1,1,1,1,0,1
1,-4,-4,-4,-5,-5,-4,-4,-5,-4,-4,-4,-4,-5,-3,-3,1,0,1,1,1,1,1,1,1,2,2,1,1,1,3,7,7,8,8,7,7,7,7,8,7,3,0,0,2,18,5,5,6,6,5,5,5,5,5,3,4,4,4,4,2,-2,-2,-3,-2,-2,-2,-2,-2,1,-1,-1,0,1,-1,1,2,3,2,2,2,2,2,2,1,2,2,2,1,2,0
1,-4,-4,-4,-4,-4,-4,-4,-4,-1,-4,-4,-3,-4,-3,-3,0,0,0,0,1,0,0,0,-1,-1,-1,-1,1,-2,1,7,5,7,9,8,8,8,8,17,12,7,2,2,7,-2,5,5,5,5,5,4,6,4,6,5,6,8,-1,7,3,-2,-3,-2,-3,-3,-3,-3,-3,4,1,-2,2,-5,-1,-4,2,2,2,2,2,2,2,2,1,2,0,1,1,1,1
1,-4,-4,-4,-4,-3,-4,-4,-4,-6,-3,-2,-4,-6,-3,-5,0,0,0,0,0,0,0,0,0,0,-1,1,0,-1,2,8,5,7,8,8,7,8,8,14,2,1,2,8,2,2,6,5,5,4,4,5,4,6,4,4,7,3,3,6,0,-2,-3,-2,-3,-2,-2,-2,-2,-4,-1,2,-5,-7,2,-5,2,2,2,2,3,2,2,2,1,1,1,1,1,1,1
1,-4,-4,-4,-4,-4,-5,-4,-4,-4,-6,-4,-4,-5,-5,-2,0,1,0,1,1,1,0,1,1,1,0,1,1,1,1,8,7,8,8,7,8,8,7,5,5,1,16,-5,7,2,6,6,6,6,5,6,6,5,6,5,5,7,4,3,6,-2,-3,-2,-3,-2,-2,-2,-2,-2,-6,-5,-1,-3,-3,3,2,2,2,2,2,2,2,2,2,1,2,2,1,1,0
1,-4,-5,-4,-5,-4,-4,-4,-4,-4,-4,-6,-4,-3,-4,-2,0,0,0,-1,-1,0,0,0,1,-1,0,0,-1,0,1,7,5,9,8,9,8,8,8,5,5,10,17,9,-3,4,5,4,4,6,5,4,4,4,1,7,2,4,6,5,2,0,-1,-2,-2,-1,-1,-2,0,-2,-2,-4,0,3,-4,2,2,2,2,2,2,1,2,2,1,2,0,1,1,1,1
4,35,3,15,17,1,11,14,12,25,24,16,21,-2,-1,-2,3,-2,-11,2,-6,-1,-5,-14,-22,-19,-15,-12,-2,-2,0,81,100,55,29,55,63,38,2,-1,7,10,23,9,-9,-7,-26,-5,8,-18,5,3,2,17,27,25,20,14,1,-1,-4,135,37,33,35,19,51,58,10,31,30,19,23,0,-1,-1,6,14,3,14,-11,-13,-3,-1,1,0,-1,0,0,-1,0
4,49,24,16,15,1,-13,-14,3,4,2,3,1,-1,1,3,-5,-30,-20,1,15,11,0,-2,0,1,1,0,0,-1,-4,16,28,22,5,14,-4,5,-1,-3,4,-3,-3,-10,2,-3,7,46,31,3,-20,-11,4,1,1,-3,-2,-1,-2,1,7,64,33,26,26,4,-12,-15,0,5,0,2,1,-1,3,3,0,-1,0,1,0,-1,-1,0,0,-1,-1,-1,-1,-1,-1
4,12,10,10,6,7,8,5,-9,-12,-12,-11,-14,-4,-4,-3,-6,-2,-1,0,-1,-3,-1,5,7,13,11,7,0,0,0,25,10,16,15,21,26,5,6,-10,-10,-4,10,5,10,-13,13,3,6,3,3,10,3,-3,-10,-17,-12,-8,1,1,-1,17,10,13,6,7,12,1,-10,-15,-18,-13,-18,-5,-2,-5,-1,0,-1,-1,-1,-2,0,0,-1,-1,-1,-1,-1,-1,-1
4,17,-10,-2,-3,-17,-3,-2,-4,-4,-2,-2,-1,-1,0,-1,-36,6,17,6,-2,3,2,3,2,0,1,0,1,-1,-1,-29,22,-5,10,-2,-3,2,3,8,-3,4,-9,1,4,-6,-4,11,-21,-6,5,-1,-1,-1,0,2,-2,0,-2,5,3,22,-13,-7,-7,-23,-4,-4,-7,-6,-3,-5,-3,-4,3,4,-66,6,3,0,-1,-2,-2,-2,-1,-1,-2,-1,-2,-1,-1
4,-11,-17,3,-11,-18,-20,-16,-16,-13,-1,-1,-1,0,-1,-1,9,4,2,6,7,11,10,9,6,-1,0,-1,0,-1,-1,16,10,-2,4,-1,7,-7,-3,10,-11,-1,8,8,10,-2,-17,-2,-1,-3,-8,-9,-10,-11,-5,0,2,1,-1,3,1,-22,-28,7,-10,-18,-21,-20,-18,-17,0,-4,1,-1,1,2,6,-2,0,-1,-1,-1,-2,-2,-2,-1,-2,-1,-1,-2,-1
4,-36,10,8,4,2,-2,-4,-6,-2,-4,-4,-2,-4,-1,-1,-24,-4,-6,-5,-1,0,2,2,0,1,1,0,1,-2,0,-6,-2,3,8,1,10,4,4,9,2,-16,19,10,-4,-4,87,9,8,8,4,-3,-3,0,1,-3,-3,3,-2,-1,0,-44,15,11,8,3,-3,-5,-8,-3,-5,-5,0,-3,-3,-3,-34,-2,-1,-1,-1,-1,0,-1,-1,-2,-2,-2,-2,-2,-1
4,-22,-23,-22,-15,-11,-6,-2,-2,-2,0,-1,1,0,-1,0,12,10,11,9,7,2,-2,1,1,1,0,0,1,-1,1,-3,-4,-15,4,-4,-7,-11,-9,4,8,-5,-4,-4,-21,-2,-14,-9,-11,-9,-8,1,3,-1,0,2,0,2,-2,-2,-2,-28,-25,-29,-16,-15,-7,-4,-2,1,4,1,0,2,-1,0,-2,-3,-2,-2,-3,-3,-2,-3,-3,-3,-3,-3,-4,-4,-4
4,59,32,43,30,28,22,18,-2,0,1,-1,1,2,0,0,-6,-2,9,0,7,5,7,3,1,3,0,-1,0,1,1,46,47,23,56,45,31,52,12,12,23,6,13,-3,3,-1,41,22,-6,11,0,0,2,-6,-8,4,-6,-9,-13,-19,-11,191,112,144,125,114,89,75,-14,-9,-3,-13,-9,-13,-17,-17,-14,-23,-30,-35,-27,-23,-19,-1,-4,-1,-1,0,-3,-2,-2
4,25,66,-3,-4,-4,-5,-4,-2,-1,2,11,22,15,13,3,12,45,-1,2,2,-2,2,0,2,-2,3,10,2,-2,-14,40,98,8,-1,18,24,25,5,19,-27,-30,-32,-240,-193,-210,-29,-107,-13,-12,0,1,0,-8,2,-19,6,7,36,32,26,61,158,-1,-14,-4,-16,-13,-14,-12,-30,-4,42,38,37,11,-5,1,2,0,0,-5,-8,-6,-6,-3,3,22,0,-10,-68
4,19,-32,-9,-11,-9,-8,-2,-2,-8,-4,-4,78,4,2,2,30,7,10,3,6,-2,0,0,1,1,2,1,-1,0,1,44,23,-14,-13,4,8,2,7,3,14,0,91,7,-13,-1,-117,-7,-19,-7,-10,-1,-2,-2,-9,-7,-10,37,-13,-16,-15,37,-66,-1,-9,1,-2,9,5,-5,2,4,250,-10,-15,-18,40,0,0,-2,-1,0,-3,-1,0,0,-1,-54,-6,-5,-4
4,16,12,-9,-6,-4,-9,-7,-2,0,0,0,-1,0,-1,0,16,8,5,0,-2,6,6,1,-1,-1,-2,1,2,0,1,31,11,24,15,2,22,27,16,16,25,17,27,10,-8,5,-26,-29,-9,0,-8,-10,2,0,3,3,5,-1,-11,-10,-7,69,54,-15,-21,-17,-10,-12,-9,-4,-2,-1,-2,-8,-15,-9,-27,-26,-5,17,-14,-28,8,-1,-2,-1,-3,-3,-4,-4,-3
4,-19,-28,-31,-24,-16,0,-7,0,-2,-1,-1,-1,-3,-2,-2,4,31,34,42,55,1,8,4,0,-1,1,0,-1,1,0,47,30,45,50,35,22,21,22,16,11,15,18,17,-5,10,-47,-135,-167,-221,-266,-4,-14,-7,-7,2,2,6,3,1,4,-57,-78,-91,-82,-52,9,0,-26,8,5,2,5,2,-2,1,-30,-40,-49,-42,-23,9,-2,15,-3,-2,-2,-2,-2,-2,-3
4,15,-14,-27,-19,-8,-2,-2,-2,-2,-2,-2,-2,-2,-2,-2,-13,3,5,4,0,-2,-1,-1,-1,-1,0,0,0,-1,-1,-4,1,-17,6,14,6,11,11,10,9,9,11,9,12,11,39,-4,-27,-4,-10,-4,-7,-6,-5,-6,-5,-6,-6,-5,-6,-31,-87,-23,-13,12,15,10,5,6,6,5,5,6,5,5,84,-10,-5,-2,-5,-6,-2,-2,-2,-2,-2,-2,-2,-2,-2
4,40,32,27,20,20,16,13,1,1,0,0,24,-14,-70,-4,-13,-4,-8,-14,-13,-6,0,0,-1,0,0,-217,-7,-12,1,27,31,36,22,15,30,34,4,23,19,18,179,-32,18,9,26,5,16,24,22,13,4,2,7,5,1,1016,14,8,-7,55,49,42,31,27,24,21,-1,-1,3,-2,339,1,-153,-3,1,0,0,-1,-1,-2,-1,-1,-1,-1,-1,-233,-53,-8,-1
4,-13,-11,-9,-9,-12,-13,-11,-3,-4,-3,-4,-3,-4,-2,-2,-7,3,8,9,5,-2,2,0,1,0,2,0,2,-1,-1,18,10,18,17,20,18,13,22,24,15,24,23,13,22,22,19,-5,-11,-11,-2,6,-2,2,-1,2,-3,2,-1,2,2,-15,-17,-13,-16,-16,-19,-18,0,-8,-9,-8,-8,-8,-2,-2,0,-2,-2,-1,-2,-1,0,-2,-1,-2,-2,-2,-2,-2,-2
4,-53,-48,-40,-31,-22,-6,-5,-5,-2,-4,-4,-8,4,4,5,16,19,19,16,8,0,-2,-1,-2,-1,-2,-1,-8,-9,-9,-17,8,12,6,-2,-15,-6,8,-5,8,7,-24,-165,-165,-164,-39,-32,-29,-32,-17,-6,-5,-4,-6,-3,-7,-7,9,9,7,-98,-61,-55,-23,-11,2,6,10,15,15,18,4,23,24,24,-22,3,-2,-5,-4,-4,-3,-3,-2,-1,-4,-5,-5,-5,-6
4,-39,-34,-20,-7,-4,1,-1,8,7,2,0,-1,1,0,-5,3,31,30,1,5,6,10,-1,-1,-3,-5,-6,-1,1,0,11,17,17,14,21,18,16,23,18,28,15,20,17,26,20,5,-60,-51,-16,-10,-13,-24,5,5,7,9,11,5,2,-3,-67,-62,-38,-17,-13,2,-4,10,7,3,-2,-2,0,-2,-11,-2,-16,15,-8,-4,-4,-8,-2,-1,-2,-1,-2,-2,-1,-3
4,-15,29,20,8,-2,-2,-1,-4,-4,-6,-3,-3,-4,-5,-6,22,19,-14,-12,1,2,2,3,1,3,3,2,2,3,5,123,13,38,23,16,22,21,19,19,4,15,22,18,3,3,-98,23,1,16,3,0,1,1,4,-4,2,1,-1,-5,-7,1,59,44,7,7,8,7,5,4,3,3,7,5,1,1,-15,17,-6,-2,-2,-3,-2,-4,-3,-4,-4,-3,-3,-4,-3
5,-46,-71,-79,-44,-15,-15,-7,-5,-6,-6,-4,-5,-4,-2,-1,66,3,9,29,28,7,-11,5,3,3,3,3,2,2,1,-21,8,13,-11,-6,9,30,-1,2,-1,19,2,8,13,19,-115,-15,-3,-36,-32,0,23,-3,1,2,2,-1,2,1,7,-11,-78,-111,-67,-15,-19,-8,-4,-5,-6,-1,-5,-3,0,4,-1,-2,-2,-3,-3,-2,-2,-3,-3,-2,-2,-3,-3,-2,-3
5,-14,-9,-12,-7,-3,1,1,1,1,-1,1,0,-1,1,0,11,4,-3,-2,-2,0,-1,1,2,0,1,1,0,1,1,-10,4,-6,-2,4,1,12,4,-10,10,9,4,10,9,4,-10,-1,12,9,7,5,6,2,1,3,6,4,3,6,4,-19,-11,-16,-8,-2,5,5,5,2,3,8,7,3,8,7,-2,-3,-3,-3,-3,-3,-3,-4,-3,-3,-4,-3,-3,-4,-3
5,20,24,27,27,20,16,20,-1,-1,1,-1,0,-3,-3,-1,-16,-3,-9,-13,-13,-11,-7,0,0,0,2,0,3,1,1,9,30,-2,17,3,21,12,-8,2,2,-1,6,-5,-8,-3,26,8,19,20,22,19,17,4,4,3,0,3,-1,1,4,29,38,40,39,29,29,33,2,4,7,4,6,-5,-2,0,-1,-4,-2,-2,-1,-3,-2,-4,-4,-3,-4,-4,-5,-5,-5
5,-74,-38,-47,-57,-55,-42,-39,3,1,1,1,1,-2,-1,-1,30,53,10,21,21,24,23,-3,-1,-1,-1,-2,1,1,0,55,0,-26,16,5,-2,2,8,16,3,7,-6,5,-4,8,-149,-83,31,-18,-36,-36,-30,4,4,1,2,4,-3,-2,1,-163,-93,-67,-70,-68,-51,-47,8,9,6,6,7,1,2,3,20,1,-1,-4,-2,-4,-4,-3,-3,-3,-3,-2,-4,-4,-5
5,-27,-34,-32,-15,-12,-12,-12,0,-1,-1,1,-2,-1,-1,1,18,10,4,-4,-2,-1,-2,0,0,-1,-3,0,0,-1,-3,-3,6,2,4,-3,16,9,14,3,19,9,-9,3,19,9,-26,-8,-5,6,2,4,7,0,1,0,4,-2,1,0,4,-39,-45,-43,-18,-13,-12,-11,8,4,5,9,-2,4,5,9,-4,-3,-3,-3,-2,-2,-3,-4,-3,-3,-4,-3,-3,-3,-4
5,188,114,95,86,10,8,8,8,6,-4,-4,-1,0,-2,-1,-1,-17,-74,-67,-6,-4,-2,-2,-2,1,2,0,-1,2,1,-42,95,16,31,3,11,9,12,3,3,-6,17,9,9,-8,220,30,91,101,10,8,4,7,4,-2,-1,3,-1,-4,-2,192,153,142,119,18,18,18,15,13,1,2,8,5,-1,2,-15,2,4,-8,-3,-3,-3,-4,-3,-4,-4,-5,-4,-4,-4
5,-116,-84,-54,-49,-55,-3,-4,-4,-4,-3,0,-3,-1,-4,-2,41,-7,9,44,31,0,1,0,-1,0,-1,0,-3,1,-1,-50,9,-10,9,-8,18,-6,12,13,1,6,3,-4,8,4,14,24,-18,-65,-41,1,-2,-1,0,-2,1,-2,0,-8,1,-206,-131,-53,-54,-68,6,3,1,-1,2,6,4,7,0,5,-24,-17,1,-1,-3,-2,-2,-2,-1,-2,-3,-3,-4,-4,-5
3,1,-8,-3,10,-27,-103,-168,-138,-138,-139,-136,-134,-125,-125,-123,-26,-30,-95,-178,-244,-320,-382,-331,-330,-328,-326,-325,-313,-311,-314,-517,-723,-1415,-2203,-2589,-2804,-2957,-2693,-2690,-2680,-2680,-2672,-2619,-2616,-2616,95,113,-68,-143,-106,-32,46,-142,-145,-147,-156,-158,-189,-189,-186,40,17,207,384,356,241,151,194,203,223,208,207,228,227,217,-33,-15,-29,-30,-7,29,31,8,4,6,4,5,4,3,6
2,-17,-21,-18,35,18,7,2,7,-14,7,2,-14,-14,2,-14,-30,-40,-93,-33,-13,-2,0,-2,6,-2,0,6,6,0,6,-163,-431,-1175,13,24,16,5,16,7,16,5,7,7,5,7,-115,-90,-231,49,17,0,-4,0,-12,0,-4,-12,-12,-4,-12,33,96,258,51,22,6,-1,6,-25,6,-1,-25,-25,-1,-25,3,7,10,-3,-2,-2,-2,-2,-2,-2,-2,-2,-2,-2,-2
3,-13,-11,-11,-11,-6,8,19,23,23,19,-492,-473,-472,-377,-272,-13,-12,-13,-26,-27,-25,-15,-20,-18,-14,-364,-364,-352,-198,-227,-29,-30,-28,-122,-120,-87,-69,-62,-67,-53,-3018,-3028,-3161,-2021,-302,29,26,29,68,74,66,36,45,45,30,185,77,-22,-45,173,27,37,34,147,178,180,144,166,183,144,72,211,355,167,-413,-13,-8,-14,-13,-36,-25,-12,-15,-16,-11,-199,-167,-145,-25,-49
3,10,15,23,12,-238,36,17,4,-1,36,4,-1,36,17,4,-13,11,29,18,229,-8,-8,7,10,-8,7,10,-8,-8,7,-57,-87,-108,-125,-735,-1384,-1344,-1230,-1221,-1384,-1230,-1221,-1384,-1344,-1230,70,43,19,37,-824,-101,-137,-166,-169,-101,-166,-169,-101,-137,-166,11,28,41,16,-725,-161,-190,-199,-216,-161,-199,-216,-161,-190,-199,17,11,11,9,-9,-59,-88,-91,-83,-59,-91,-83,-59,-88,-91
3,2,20,86,166,207,213,213,210,210,210,210,210,210,210,210,-47,-65,-105,-155,-186,-188,-189,-183,-184,-184,-183,-183,-184,-183,-183,-604,-860,-1622,-2542,-2966,-2958,-2929,-2795,-2792,-2788,-2785,-2781,-2788,-2785,-2781,119,143,134,143,153,148,133,115,113,113,112,112,113,112,112,26,-16,-11,-32,-44,-50,-35,-29,-29,-29,-29,-29,-29,-29,-29,-18,-25,-20,-35,-26,-24,-22,-11,-12,-11,-11,-11,-11,-11,-11
2,16,17,23,24,24,29,28,87,-28,18,36,-35,-6,-4,-10,-39,-32,-29,-34,-36,-37,-42,-117,12,2,16,24,15,12,18,-170,-165,-156,-169,-164,-177,-224,-2112,151,6,-61,-54,-130,-135,-163,-20,-32,-45,-38,-36,-39,-41,154,-49,26,-33,-22,95,115,108,-116,-101,-91,-93,-96,-86,-74,81,18,45,52,-12,12,31,22,17,15,11,10,12,10,8,-150,27,-6,-5,5,-7,-10,-11
2,29,37,36,31,33,36,35,-29,-29,-23,-1,4,2,2,1,-19,-33,-39,-38,-37,-36,-37,6,5,-4,-25,-45,9,7,11,-178,-216,-208,-196,-216,-195,-201,-155,-142,-125,-629,-1387,-81,-85,-106,-71,-64,-32,-28,-33,-36,-36,72,77,89,156,229,71,75,87,-70,-74,-72,-71,-46,-37,-45,116,115,106,247,402,39,34,42,-8,-1,7,7,1,2,2,-15,-20,-21,-21,-43,-7,-1,-4
2,59,45,38,10,44,86,87,216,99,84,85,31,10,8,-9,-59,-71,-64,-75,-38,-45,-86,-44,-39,-48,-29,3,3,-12,4,-332,-316,-284,-244,-293,-469,-655,0,56,22,5,13,6,0,-12,27,62,63,108,-17,-52,-9,48,45,68,36,-10,-4,15,-9,-50,-79,-78,-136,-75,-92,-193,299,135,116,122,50,27,21,-2,20,25,32,48,7,0,21,1,-1,-1,-7,-7,-3,-2,-3
3,322,328,331,337,351,192,-11,10,8,-9,-11,10,8,-9,-11,-338,-360,-367,-364,-368,254,-18,3,-12,4,-18,3,-12,4,-18,-3195,-3224,-3281,-3292,-3348,418,9,6,0,-12,9,6,0,-12,9,280,291,286,290,282,194,74,-4,15,-9,74,-4,15,-9,74,-64,-74,-78,-78,-62,381,-4,27,21,-2,-4,27,21,-2,-4,-34,-30,-27,-34,-31,61,2,-3,-2,-3,2,-3,-2,-3,2
3,16,38,49,54,51,45,43,227,205,204,241,217,182,211,58,-2,-18,-19,-22,-19,-25,-46,-141,-147,-154,-175,-155,-141,-165,17,-39,-209,-233,-261,-250,-256,-302,-1619,-1627,-1738,-2043,-2088,-2080,-2305,8,-18,-45,-23,-16,-22,-8,35,-130,-68,-76,-110,-100,-42,-43,-26,-15,-56,-21,-25,-21,-55,-76,-492,-487,-498,-576,-568,-508,-567,79,-15,-10,-9,-6,-7,0,6,18,19,35,47,51,51,30,-6
3,353,337,218,111,60,111,60,-9,-9,-5,-4,2,2,5,9,-169,-170,-22,-43,-26,-43,-26,1,1,1,2,1,-1,-2,-4,-3617,-3261,-17,-5,90,-5,90,3,3,6,9,8,11,14,8,324,300,38,53,34,53,34,-5,-5,-3,-4,-4,-1,-1,4,-265,-243,476,201,75,201,75,-18,-18,-13,-8,1,0,3,11,47,54,3,8,2,8,2,2,2,2,3,2,2,2,2
3,3,8,1,1,-9,-15,-11,-19,-18,-7,1,1,1,1,1,-9,-18,-25,16,7,2,-6,-1,5,6,-4,-3,-3,-3,-4,-32,-150,-169,-4,-1,4,2,12,12,3,-5,-4,-6,-6,-6,-12,-4,-7,-28,-13,-5,6,-1,-11,-12,4,2,2,4,5,-24,13,-21,-3,-17,-25,-21,-32,-30,-13,3,3,5,2,2,4,-2,5,3,2,1,2,1,2,2,2,2,2,1,1
2,52,48,19,24,23,19,41,-5,-6,-39,-33,-29,-14,3,4,-4,-5,13,3,7,7,10,-4,-4,-13,-6,-3,-4,-12,-20,-222,-203,-109,-87,-75,-85,-273,-4,-2,-193,-193,-195,-74,-207,-406,52,52,-11,-5,-6,-9,-19,-2,0,-25,-50,-56,19,7,63,-39,-37,-30,-11,-13,-16,33,-5,-9,-26,-12,-7,-41,37,68,9,16,-11,-1,-1,-1,-9,1,1,11,13,10,2,5,1
3,112,105,97,119,142,-47,-119,3,-119,3,23,23,-119,23,23,115,197,276,354,438,-59,-37,-12,-37,-12,7,7,-37,7,7,-1744,-2387,-2781,-3089,-3235,-844,126,-207,126,-207,-75,-75,126,-75,-75,476,605,620,567,536,747,129,7,129,7,-6,-6,129,-6,-6,-13,-171,-238,-232,-250,85,-170,37,-170,37,-13,-13,-170,-13,-13,149,135,144,161,201,244,-6,5,-6,5,-1,-1,-6,-1,-1
2,2,-1,-1,1,1,-6,-7,-20,-13,-9,-9,-8,0,0,1,2,3,2,4,4,16,12,16,16,17,19,22,0,-1,4,26,1,-3,-5,-3,-29,-17,-51,-45,-53,-54,-52,-9,-3,3,2,-7,1,-2,-2,-16,-13,-2,-1,-4,-11,-16,-14,-9,-18,1,9,9,10,10,20,21,24,42,49,51,55,-11,-11,-15,-1,2,0,1,-3,12,8,5,12,12,12,26,-4,-1,-2
3,1,3,-20,-64,-168,-262,-389,-262,-389,7,7,7,7,8,8,3,1,70,84,107,98,91,98,91,-10,-8,-10,-8,-8,-10,-3,8,-843,-1627,-2135,-2542,-2757,-2542,-2757,-179,-176,-179,-176,-180,-179,-16,-4,-156,-127,-172,-131,-107,-131,-107,-11,-13,-11,-13,-14,-13,-12,-8,289,464,406,305,114,305,114,18,18,18,18,21,21,0,-2,49,51,32,-13,-55,-13,-55,4,1,4,1,1,3
2,7,7,8,8,7,6,7,-2,-5,-9,6,7,-2,-5,-9,-10,-8,-8,-10,-9,-9,-10,-6,-6,0,-9,-10,-6,-6,0,-179,-176,-180,-179,-169,-165,-170,-133,-134,-201,-165,-170,-133,-134,-201,-11,-13,-14,-13,-12,-13,-13,-40,-54,-70,-13,-13,-40,-54,-70,18,18,21,21,19,18,18,-8,-10,-6,18,18,-8,-10,-6,4,1,1,3,4,4,6,-18,-23,-25,4,6,-18,-23,-25
3,0,1,1,-6,-7,-8,-9,-10,-9,-8,-2,-5,-9,-16,-33,0,-2,1,-1,-2,-1,-3,-2,-2,-3,-6,-6,0,-5,-13,19,14,3,-15,4,-7,-17,-5,-16,-9,-133,-134,-201,-270,-526,2,5,1,0,6,8,6,5,9,7,-40,-54,-70,-97,-114,-5,-1,-1,-7,-8,-12,-14,-14,-19,-7,-8,-10,-6,-3,39,2,2,2,0,1,-1,-1,-1,-1,0,-18,-23,-25,-26,-47
2,-2,0,-1,-1,1,-1,1,0,1,18,25,36,33,3,4,0,-1,-1,1,-2,-1,0,1,0,2,10,2,0,-2,-3,15,-4,2,-5,-4,-3,-2,-4,0,-112,-93,-122,-108,-13,-17,0,1,1,-3,3,1,-1,-4,-1,14,-6,10,21,2,1,-2,-1,1,-4,-2,-1,2,-1,0,-20,-7,12,7,11,9,2,2,2,2,2,2,1,1,1,4,0,5,8,4,3
3,25,36,33,3,4,-1,4,6,6,8,448,460,462,460,-198,10,2,0,-2,-3,-2,-5,-12,-10,-6,-73,-65,-59,-41,68,-93,-122,-108,-13,-17,-14,-46,-112,-35,-7,-3234,-3277,-3275,-3226,-491,-6,10,21,2,1,-3,5,15,9,-18,313,307,285,250,-381,-7,12,7,11,9,-3,6,-3,3,1,-169,-169,-183,-205,-459,0,5,8,4,3,2,9,15,5,-11,52,23,17,23,38
2,-3,-1,-2,1,-2,-1,-2,-1,1,-3,3,3,5,3,4,3,-1,1,-1,1,0,1,1,-1,2,-1,0,0,1,-6,10,-2,0,2,0,7,8,3,-6,-3,-5,-10,-19,-12,-17,-2,4,0,5,1,2,1,1,3,-5,5,5,2,0,17,-5,0,-5,1,-4,-5,-1,-2,4,-9,2,4,6,6,2,2,3,2,2,2,2,2,2,1,3,3,3,3,2,6
3,-8,-6,-6,-2,-1,-2,-1,0,-1,1,206,205,205,205,205,5,2,2,-2,-2,0,-2,-1,-2,-1,-344,-345,-344,-343,-343,-8,-6,1,-21,2,-6,-7,-2,2,-24,-2325,-2323,-2319,-2316,-2315,-11,-6,-6,-7,-4,-8,-2,-3,-6,-5,-287,-287,-284,-285,-284,-13,-9,-9,-1,1,-1,2,5,2,4,-499,-501,-498,-499,-499,2,2,1,2,1,2,2,1,1,2,51,52,52,51,51
2,-2,-1,-1,-1,-1,-1,-1,-2,-2,0,0,-2,-1,-1,-4,0,0,2,1,-1,-1,0,1,0,1,-1,-11,-4,-2,-6,-7,-3,15,11,-7,-12,-6,-3,0,1,-2,-73,-13,-11,-11,0,0,1,0,5,-2,-5,-5,-1,-4,-3,-4,8,4,14,-6,-3,-6,-3,7,6,6,0,1,4,5,54,-4,-4,-8,2,3,2,2,1,2,2,3,1,2,2,-9,1,1,1
3,-6,-5,-4,-2,0,-5,0,-2,2,2,-429,-424,-489,-480,-497,-7,-4,-3,-10,-7,-15,-10,-7,-7,-6,-348,-328,-342,-319,-297,-10,-3,11,-32,-25,-72,-53,-35,-43,-17,-2652,-2761,-2943,-2992,-2955,14,8,5,14,9,25,11,12,13,9,118,19,-30,-132,-199,-15,-12,-12,-11,-6,-20,1,-12,2,-5,-35,52,76,170,169,1,1,1,2,0,-5,-1,-1,-4,-1,-106,-21,-22,5,20
2,1,-1,0,-9,-5,-2,-1,4,2,-2,-18,-18,-19,-20,-36,0,1,0,-2,-3,-1,0,-1,1,4,-7,-6,-4,-18,-35,0,4,4,-11,-12,-9,-11,-3,-6,-9,-55,-55,-61,-313,-701,4,0,0,-2,-1,-1,-3,0,-8,-5,-5,-6,-14,-20,-53,-1,-3,1,-3,2,3,4,18,10,-1,6,4,2,11,133,2,2,3,3,3,1,3,1,2,1,2,4,4,-1,-9
2,3,4,3,3,1,5,3,4,7,8,7,9,6,5,6,0,1,2,1,-1,1,-1,0,-8,-11,-11,-12,-11,-11,-11,-9,-24,-3,-6,-5,-19,-17,-10,-171,-178,-172,-191,-136,-135,-136,-2,-4,-3,-1,-2,-7,1,0,6,17,6,18,15,16,17,2,4,1,1,-4,2,-4,-1,9,18,7,16,10,10,10,1,0,1,1,1,0,1,1,2,3,1,2,2,3,3
2,0,-2,-1,-2,-1,-1,-2,2,0,1,1,17,33,16,18,1,2,-1,2,0,0,2,-2,0,0,0,11,5,-6,1,-16,18,-2,12,3,-4,10,8,5,5,3,-125,-141,-58,-65,3,1,3,0,1,3,1,5,-2,3,2,-6,2,17,3,1,-3,-1,-3,-3,-4,-1,6,1,0,0,-25,2,-5,-9,4,2,2,3,1,2,1,2,2,2,3,-1,1,4,4
3,18,12,18,6,-7,0,8,1,305,128,99,85,60,41,27,-1,-5,-2,-10,-6,-7,-11,-4,-30,54,34,-1,-19,-31,-31,-66,-45,-65,-13,4,-13,-7,2,-2303,-68,32,-14,13,6,4,13,9,26,7,3,9,13,0,225,-88,-39,1,23,44,41,-11,7,-3,4,-6,0,12,3,-125,96,160,123,77,53,34,4,4,7,2,2,2,3,1,88,-8,1,2,1,2,2
3,0,3,3,4,14,12,13,6,0,7,6,34,88,156,191,-2,1,1,1,7,5,8,9,0,3,1,2,4,3,88,-2,-7,-2,6,-45,-42,-63,-58,-149,-160,-159,-488,-1120,-1995,-2460,3,-7,-5,-4,-13,-8,-13,-18,12,10,9,107,283,531,462,2,6,4,6,-16,-13,-9,-22,-12,4,4,-27,-89,-174,-244,2,2,0,2,-4,-3,-1,-4,6,4,2,21,47,67,71
3,5,16,14,12,11,10,10,10,8,38,129,212,260,273,317,1,4,4,5,5,2,4,2,13,26,49,65,107,199,242,-10,-44,-54,-53,-39,-41,-30,-47,-178,-349,-969,-1654,-2306,-2718,-2950,-5,-2,-5,-6,-4,-1,-1,3,-17,21,155,306,377,258,231,2,-2,-7,-6,-7,-11,-11,-11,10,39,103,118,40,-54,-25,0,-1,1,2,1,2,1,2,2,11,38,62,45,46,16
2,-1,-2,0,-1,1,-1,1,1,7,7,7,8,7,9,7,2,2,0,2,0,1,1,1,0,0,3,3,3,5,1,-2,-6,-9,-13,5,-10,4,-9,-51,-58,-48,-40,-35,-45,-33,4,1,4,4,7,2,4,3,27,24,20,15,20,14,19,-6,-8,-4,-4,0,-3,0,0,-17,-19,-14,-15,-13,-15,-15,3,2,1,4,2,4,2,2,13,6,7,4,7,6,4
2,-4,-22,-14,0,-2,-1,-2,-1,5,5,5,4,4,4,5,10,19,13,-1,-1,-2,-3,-3,-18,-19,-18,-18,-18,-18,-18,-20,10,-20,-5,-6,-16,-6,-11,-138,-140,-140,-138,-138,-139,-138,-16,-46,-27,-10,-5,-4,-4,-4,26,27,27,26,26,26,26,9,-28,-10,13,4,1,1,3,15,16,16,15,15,15,16,2,4,1,1,2,2,2,1,-7,-7,-7,-7,-7,-7,-7
2,-1,-2,-2,1,3,2,5,7,4,2,6,6,0,-2,1,0,3,-1,0,1,4,4,4,1,0,0,2,0,1,-1,-6,-3,-4,-7,-10,-45,-31,-32,-41,-30,-35,-29,1,17,-10,2,2,8,3,5,-5,2,6,7,11,11,10,-2,-2,-1,2,-8,-10,-4,2,-25,-34,-28,-33,-31,-27,-22,4,-1,1,3,4,4,9,3,-3,-2,1,0,6,0,6,2,2,1
2,-2,0,-2,11,0,-3,5,5,-4,-5,0,3,3,3,3,0,0,2,0,-1,-1,-6,-5,-1,-1,-2,-16,-16,-14,-15,-7,2,10,-45,-37,-2,-18,-14,0,-7,-13,-185,-178,-144,-150,-5,-3,-6,12,-9,-6,1,1,-3,-5,-5,9,9,17,10,-1,3,1,-7,-4,-1,9,10,0,-5,5,22,11,19,15,1,1,2,4,3,1,2,1,2,2,2,-5,-5,-3,-6
2,1,1,0,0,1,1,-1,9,10,10,10,8,10,9,-1,1,1,1,1,2,-1,-1,3,5,4,3,5,1,3,1,-14,-4,-1,-11,-2,-4,-6,-28,-45,-31,-38,-27,-31,-16,-3,4,6,7,6,1,8,6,-1,0,-1,3,-1,8,0,-1,-3,-1,0,-2,-2,2,-3,-16,-13,-12,-11,-16,-7,-6,0,3,3,8,4,2,4,4,-2,1,1,1,2,6,0,2
2,8,9,6,4,-5,4,0,-1,7,7,7,6,6,6,6,5,1,-9,-5,-2,-5,-3,3,5,1,-16,-15,-15,-16,-16,-24,-12,-17,-6,2,-6,0,-10,-21,-17,-138,-131,-128,-133,-133,1,5,13,2,-5,2,-2,-14,-18,-8,29,28,29,32,32,-1,4,19,17,-3,17,4,6,14,16,23,21,18,19,19,3,3,-2,1,1,1,2,1,2,1,-3,-4,-2,0,0
2,-1,-4,-1,1,-2,-1,4,4,0,-1,1,10,7,9,12,-1,-1,0,0,1,-2,1,-2,-5,-7,-6,-2,1,-1,0,-1,0,1,-3,-4,-9,-45,-38,-49,-42,-21,-27,-40,-35,-34,-1,1,-1,2,1,3,10,14,21,23,21,11,5,10,6,5,0,2,5,-3,-1,-21,-26,-34,-32,-31,-4,-14,-7,0,3,3,1,4,4,3,7,4,8,7,7,5,5,7,6
2,3,3,8,11,12,11,24,20,19,18,-12,35,25,-8,-4,-1,4,7,6,4,3,6,5,3,1,4,-32,-29,2,0,-7,-45,-58,-35,-56,-46,-40,-39,-40,-34,-23,-1,1,-12,-6,7,-1,-3,-3,-2,4,-4,-5,0,2,15,115,49,-8,-2,6,-21,-28,-14,-12,-7,20,16,18,18,43,-23,8,-11,-2,5,2,0,-2,0,4,4,2,5,5,31,22,7,2,2
2,1,-2,-3,-3,-4,-4,-4,-2,-3,-1,-2,-10,-11,-11,-11,-1,2,-1,-2,0,-1,1,0,2,0,-1,-4,-4,-2,-6,-2,14,-10,-6,-16,-18,4,-12,2,-11,-7,-37,-31,-28,-38,5,0,3,4,0,1,-3,-2,-4,-1,-1,-1,0,-5,0,1,-3,2,7,0,3,2,4,2,8,6,13,10,12,14,3,3,2,1,2,1,4,4,3,3,3,1,0,0,1
2,-5,-2,-132,-101,-79,-107,-68,-81,-68,-52,-9,-14,-9,-6,-8,-1,1,-48,-47,-43,-45,-35,-37,-39,-30,1,7,6,3,3,-16,7,-496,-445,-417,-413,-355,-345,-358,-332,-11,-6,-9,-11,-8,-3,0,63,80,79,70,66,44,58,49,-10,-16,-14,-9,-9,-7,2,-110,-72,-20,-101,-23,-52,-34,-16,-12,-18,-12,-8,-11,3,1,-1,-7,-11,-12,-9,-9,-11,-7,2,1,1,1,2
2,6,15,14,13,7,106,89,115,102,73,59,-9,-5,-1,1,-6,-5,-7,-8,-1,-149,-64,-22,-37,-37,-32,4,4,2,-1,-66,-112,-179,-182,-72,-8,-4,30,-8,10,3,-9,-5,-5,-5,-40,-48,-44,-37,62,230,128,12,34,49,34,-11,-11,-8,-4,12,46,71,59,39,59,49,146,131,89,76,-11,-6,-1,2,5,-2,-18,-21,18,33,-24,3,4,2,2,2,1,1,2
4,-2,-2,-1,-1,-1,-2,-1,-1,0,5,1,-2,-5,-3,-2,1,1,0,0,-1,2,0,1,6,0,-2,1,4,4,3,27,27,19,20,15,27,19,18,-2,-2,4,-1,9,-3,4,3,3,5,5,5,4,6,0,-2,7,9,7,0,1,1,-3,-3,-1,-1,1,-3,0,-2,-2,6,3,1,-6,-3,-1,-2,-2,-2,-3,-3,-3,-2,-3,-3,-3,-3,-3,-3,-3,-4
4,-11,38,39,44,55,39,23,1,1,2,-1,1,-1,1,-1,-35,4,3,-22,-34,-9,16,-1,1,-1,0,-3,1,1,1,1,-6,6,17,2,21,18,-4,1,1,2,-5,3,3,1,45,-3,1,28,51,18,-12,4,2,3,2,4,-1,2,-1,-28,49,47,49,70,52,34,3,4,4,-2,1,-2,3,-1,-2,-10,-3,-3,-2,-3,-3,-3,-4,-3,-3,-3,-3,-4,-3
4,-21,0,15,13,4,-10,-7,0,1,4,2,-1,4,2,-1,-1,-15,-1,6,-3,0,7,1,1,-2,-1,2,-2,-1,2,7,16,1,0,8,-3,4,-2,1,-5,8,2,-5,8,2,11,28,10,-3,11,7,-6,4,1,6,4,2,6,4,2,-28,-2,23,18,8,-12,-9,2,0,6,3,2,6,3,2,-5,-3,-3,-3,-3,-3,-3,-3,-4,-3,-3,-3,-3,-3,-3
4,-3,-4,-1,-3,0,1,0,1,1,-2,-1,-1,-2,-1,2,2,5,1,2,2,1,1,2,2,2,2,1,1,2,2,-11,11,17,5,11,-1,6,5,-2,11,9,6,5,4,-1,3,-3,4,3,3,6,1,1,0,2,1,5,3,0,3,-2,-5,1,-3,2,0,-1,1,1,-1,-5,-3,-5,-6,-1,-3,-2,-3,-3,-3,-3,-3,-3,-3,-3,-3,-4,-4,-3,-3
4,-2,-15,-15,-11,-9,-12,-9,-9,-1,4,2,3,1,4,2,1,7,4,5,5,8,6,3,0,0,2,1,0,0,2,17,4,3,6,-2,12,7,10,4,-2,-4,-9,-10,-2,-4,2,-7,-5,-4,-3,-11,-6,-1,0,3,-3,0,0,3,-3,-1,-21,-20,-16,-11,-16,-13,-13,-7,-1,-6,-2,-6,-1,-6,-4,-4,-3,-4,-4,-3,-4,-4,-4,-4,-4,-4,-5,-4,-4
4,-57,-18,-10,-1,6,-2,-2,-1,0,-3,-2,0,-2,-1,-1,-4,8,16,-3,-9,1,1,0,2,-1,2,-1,0,0,0,40,11,8,3,5,8,4,3,8,-9,6,-1,-4,1,-9,11,-3,-24,9,20,-2,1,2,-2,2,-3,1,-2,-4,-3,-156,-26,-13,-2,7,1,2,4,4,-2,3,3,5,4,6,-42,-8,-4,-4,-4,-4,-4,-3,-4,-3,-4,-2,-4,-3,-4
4,25,32,48,42,25,16,-1,0,-2,-4,-1,-1,-2,-1,-1,-28,5,1,-32,-17,7,1,2,3,2,1,0,2,1,1,48,27,27,22,27,24,9,11,10,7,11,4,4,-14,-3,-129,28,-8,59,33,-5,3,1,0,1,4,2,0,2,1,86,106,60,61,33,24,-3,-1,-4,-7,-2,-3,-4,-5,-4,22,-5,-2,-3,-3,-2,-4,-3,-3,-4,-4,-3,-3,-3,-4
4,22,19,8,-5,-8,-13,-11,-2,-3,-4,-3,-2,-2,0,0,1,-2,-5,3,7,7,1,1,1,3,3,2,2,-1,1,12,15,10,13,15,-1,-3,6,2,3,12,5,6,15,4,4,9,14,2,-1,-5,4,3,3,-3,0,1,0,3,1,27,27,12,-7,-10,-21,-20,-2,-2,-8,-6,-2,-5,-2,-1,-3,-3,-3,-3,-3,-3,-3,-3,-3,-3,-3,-4,-3,-3,-3
4,114,100,-2,-1,0,-1,-2,0,-1,0,0,0,0,1,3,5,6,1,-1,-2,0,0,-2,1,1,1,-1,0,0,-5,123,40,13,-1,9,6,10,6,4,-4,2,-4,-4,-3,-99,172,-29,3,3,5,4,2,6,3,-6,-3,-3,-1,-1,7,90,141,-1,0,2,0,-1,2,-1,6,6,2,6,7,12,32,5,-4,-3,-3,-4,-3,-4,-3,-3,-4,-3,-4,-3,-1
4,-14,-26,-16,10,9,-1,4,2,-1,-2,-1,1,-15,2,0,29,-26,-6,10,3,-10,-12,1,2,1,0,-2,0,-10,3,-20,6,-4,6,4,15,1,-9,11,8,5,4,9,-5,-11,-49,47,8,-12,-3,15,18,1,0,1,2,4,3,15,-2,0,-38,-18,16,17,2,9,5,3,1,5,5,-14,5,5,-9,-4,-2,-3,-3,-3,-3,-3,-4,-3,-3,-3,-3,-3,-3
4,-61,-76,-96,-59,-42,-47,-23,3,6,6,6,5,3,5,3,150,46,4,3,23,30,2,-4,-8,-5,-5,-3,0,-3,0,-23,-25,-4,-24,-27,0,-9,9,-5,12,12,1,3,1,3,-177,-47,-3,-4,-29,-38,-2,7,10,10,10,4,0,4,0,-51,-95,-135,-74,-55,-60,-31,3,7,12,12,5,5,5,5,-2,-3,-6,-5,-4,-4,-5,-4,-3,-4,-4,-3,-4,-3,-4
5,36,25,22,17,7,4,-5,1,1,3,0,3,1,1,2,-4,2,-14,-23,-8,6,11,-1,0,0,2,-1,-1,-1,-1,19,25,13,10,7,8,15,4,4,-3,13,1,4,4,3,8,0,22,32,13,-5,-12,3,0,1,-3,3,1,1,1,53,37,35,27,13,9,0,5,5,7,2,5,4,4,5,-2,-3,-2,-2,-3,-3,-4,-3,-3,-3,-3,-4,-3,-3,-4
5,-12,-12,-8,-4,-6,-7,-5,1,2,-1,-1,2,0,1,1,17,12,3,3,6,3,-3,0,1,2,2,-1,1,2,2,3,11,6,1,9,3,5,-1,6,10,16,4,3,9,9,-19,-13,2,0,-2,-2,10,4,2,1,1,5,1,0,0,-10,-16,-11,-6,-5,-10,-7,2,4,1,1,3,1,3,3,-4,-4,-4,-3,-5,-3,-3,-3,-4,-4,-4,-3,-3,-4,-4
5,-41,-32,-21,-3,0,6,15,-1,-1,-2,-1,-3,-4,-4,-2,21,21,12,-1,-1,-2,-5,1,1,2,1,4,4,3,3,-5,-6,-6,2,13,14,3,5,6,5,2,13,3,2,5,-23,-25,-14,8,8,6,15,3,4,1,1,-2,0,2,0,-59,-45,-31,-4,1,9,22,1,0,-2,0,0,-1,-3,-2,-4,-4,-4,-4,-3,-4,-3,-4,-3,-3,-3,-3,-3,-3,-3
5,9,5,-3,0,-5,-4,3,3,4,5,1,0,-1,0,-1,-10,0,6,-2,-8,-11,2,1,-1,-3,1,0,1,-1,1,-11,4,-2,6,4,5,3,1,15,3,8,5,-3,-5,4,17,0,-8,4,14,18,-2,0,3,7,0,0,-3,-1,0,7,7,-8,-2,-8,-6,4,5,7,10,3,3,-2,1,-1,-4,-4,-4,-4,-4,-3,-3,-4,-3,-3,-4,-4,-3,-3,-3
